Workbook

Sheet ModeloDominio
A1: Ir al listado de objetos de dominio >>

Sheet ListadoObjetosDominio
A1: <<Ir al modelo de dominio
A2: Línea de vida | B2: Nombre | C2: Descripción | D2: Muestreo de datos | E2: Caracterización objeto
A3: 1 | B3: Pais | C3: Objeto de dominio que representa a cada uno de los países a los que pertenecen los departamentos y ciudades donde están ubicadas las sedes de la veterinaria y donde también pueden vivir los dueños | D3: Ir | E3: Ir
A4: 1 | B4: Representante | C4: Objeto de dominio que representa a la persona autorizada para llevar mascotas a la veterinaria en nombre su respectivo dueño.
A5: 1 | B5: TipoDocumentoIdentificacion | C5: Objeto de dominio que representa a cada uno de los tipos de identificación que pueden tener los dueños de las mascotas | D5: Ir | E5: Ir
A6: 2 | B6: Departamento | C6: Objeto de dominio que representa a cada uno de los departamentos de un país, donde se encuentran las ciudades donde están ubicadas las sedes de la veterinaria y donde también pueden vivir los dueños | D6: Ir | E6: Ir
A7: 3 | B7: Ciudad | C7: Objeto de dominio que representa a cada una de las ciudades de los departamentos de un país, donde se encuentran las sedes de la veterinaria y donde también pueden vivir los dueños | D7: Ir | E7: Ir
A8: 4 | B8: Dueno | C8: Objeto de dominio que representa a cada uno de los dueños que tienen mascotas, que pueden ser representadas por un tercero, para visitar a la veterinaria. | D8: Ir | E8: Ir
A9: 5 | B9: Mascota | C9: Objeto de dominio que representa a cada una de las mascotas que pueden ser representadas por un tercero en nombre de su dueño para visitar a la veterinaria.
A10: 6 | B10: RepresentanteMascota | C10: Objeto de dominio que representa a cada una de las mascotas con los respectivos representantes autorizados para representar al dueño ante la veterinaria.

Sheet C-Ciudad
A1: << Ir al modelo de dominio | C1: << Ir al listado de objetos de dominio | F1: Ir al muestreo de datos del objeto de dominio >>

Sheet M-Ciudad
A1: << Ir al modelo de dominio | D1: << Ir al listado de objetos de dominio | G1: << Ir a la caracterización del objeto de dominio
A2: Nombre: | B2: =ListadoObjetosDominio!B7 -> Ciudad
A3: Descripción: | B3: =ListadoObjetosDominio!C7 -> Objeto de dominio que representa a cada una de las ciudades de los departamentos de un país, donde se encuentran las sedes de la veterinaria y donde también pueden vivir los dueños
A4: Representa el identificador único de cada objeto de dominio. | B4: Representa el nombre de cada una de las ciudades pertenecientes a los despartamentos de los países en los cuales pueden estar presentes los dueños y la veterinaria | C4: Representa el objeto de dominio Departamento de los países al que pertenece una ciudad donde pueden estar ubicados los dueños y la veterinaria | D4: Indica que no pueden existir dos ciudades o más con el mismo nombre dentro de un mismo departamento
A5: id | B5: nombre | C5: departamento | D5: Combinación única 1
A6: 1 | B6: Rionegro | C6: ='M-Departamento'!D6 -> Antioquia-Colombia | D6: =_xlfn.CONCAT(B6,"-",C6) -> Rionegro-Antioquia-Colombia
A7: 2 | B7: Riohacha | C7: ='M-Departamento'!D7 -> Guajira-Colombia | D7: =_xlfn.CONCAT(B7,"-",C7) -> Riohacha-Guajira-Colombia
A8: 3 | B8: Bogotá | C8: ='M-Departamento'!D8 -> Cundinamarca-Colombia | D8: =_xlfn.CONCAT(B8,"-",C8) -> Bogotá-Cundinamarca-Colombia
A9: 4 | B9: El Retiro | C9: ='M-Departamento'!D6 -> Antioquia-Colombia | D9: =_xlfn.CONCAT(B9,"-",C9) -> El Retiro-Antioquia-Colombia
A10: 5 | B10: La Ceja | C10: ='M-Departamento'!D6 -> Antioquia-Colombia | D10: =_xlfn.CONCAT(B10,"-",C10) -> La Ceja-Antioquia-Colombia
B13: Corresponde a los datos generales del objeto de dominio (nombre, descripción)
B14: Corresponde a las descripciones de los atributos
B15: Coresponde al nombre de los atributos
B16: Corresponde a los datos que son de libre ingreso
B17: Corresponde a los datos que se generarán automáticamente
B18: Corresponde a la combinación única 1
B19: Corresponde a referencias a otros objetos de dominio

Sheet C-Departamento
A1: << Ir al modelo de dominio | C1: << Ir al listado de objetos de dominio | F1: Ir al muestreo de datos del objeto de dominio >>
A2: Nombre | B2: =ListadoObjetosDominio!B6 -> Departamento
A3: Descripción | B3: =ListadoObjetosDominio!C6 -> Objeto de dominio que representa a cada uno de los departamentos de un país, donde se encuentran las ciudades donde están ubicadas las sedes de la veterinaria y donde también pueden vivir los dueños
A4: Nombre atributo | B4: Descripción atributo | C4: Identificador del objeto de dominio | D4: Tipo de dato | E4: Obligatorio | F4: Longitud mínima (si aplica) | G4: Longitud máxima (si aplica) | H4: Precisión (si aplica) | I4: Rendondeo (si aplica) | J4: Rango inicial (si aplica) | K4: Rango final (si aplica) | L4: Formato (si aplica) | M4: Reglas especiales (si aplica) | N4: Dato calculado | O4: Aplica ajuste del dato (si aplica) | P4: Carácter de ajuste (si aplica) | Q4: Quitar espacios en blanco al inicio (si aplica) | R4: Quitar espacios en blanco al fin (si aplica) | S4: Dato sensible (si aplica) | T4: Valor por defecto (si aplica) | U4: Auto generado
A5: ='M-Departamento'!A5 -> id | B5: ='M-Departamento'!A4 -> Representa el identificador único de cada objeto de dominio. | C5: Si | D5: Identificador único universal | E5: Si | N5: No | O5: No | Q5: No | R5: No | S5: No | U5: Si
A6: ='M-Departamento'!B5 -> nombre | B6: ='M-Departamento'!B4 -> Representa el nombre de cada uno de los departamentos pertenecientes a los países en los cuales pueden estar presentes los dueños y la veterinaria | C6: No | D6: Alfanumérico | E6: Si | F6: 1 | G6: 50 | M6: Se debe asegurar una sanitización del dato, para garantizar que dentro de su contenido no tenga cualquier tipo de intento de ataque o instrucción maliciosa. | N6: No | O6: No | Q6: Si | R6: Si | S6: No | U6: No
A7: ='M-Departamento'!C5 -> pais | B7: ='M-Departamento'!C4 -> Representa el objeto de dominio Pais al que pertenece un departamento donde pueden estar ubicados los dueños y la veterinaria | C7: No | D7: Pais | E7: Si | M7: Aplican las reglas del objeto referenciado. | N7: No | O7: No | Q7: No | R7: No | S7: No | U7: No
A9: Nombre combinación única | B9: Descripción | C9: Atributos involucrados
A10: ='M-Departamento'!D5 -> Combinación única 1 | B10: ='M-Departamento'!D4 -> Indica que no pueden existir dos departamentos o más con el mismo nombre dentro de un mismo país | C10: =A6 -> nombre
C11: =A7 -> pais

Sheet M-Departamento
A1: << Ir al modelo de dominio | D1: << Ir al listado de objetos de dominio | G1: << Ir a la caracterización del objeto de dominio
A2: Nombre: | B2: =ListadoObjetosDominio!B6 -> Departamento
A3: Descripción: | B3: =ListadoObjetosDominio!C6 -> Objeto de dominio que representa a cada uno de los departamentos de un país, donde se encuentran las ciudades donde están ubicadas las sedes de la veterinaria y donde también pueden vivir los dueños
A4: Representa el identificador único de cada objeto de dominio. | B4: Representa el nombre de cada uno de los departamentos pertenecientes a los países en los cuales pueden estar presentes los dueños y la veterinaria | C4: Representa el objeto de dominio Pais al que pertenece un departamento donde pueden estar ubicados los dueños y la veterinaria | D4: Indica que no pueden existir dos departamentos o más con el mismo nombre dentro de un mismo país
A5: id | B5: nombre | C5: pais | D5: Combinación única 1
A6: 1 | B6: Antioquia | C6: ='M-Pais'!C6 -> Colombia | D6: =_xlfn.CONCAT(B6,"-",C6) -> Antioquia-Colombia
A7: 2 | B7: Guajira | C7: ='M-Pais'!C6 -> Colombia | D7: =_xlfn.CONCAT(B7,"-",C7) -> Guajira-Colombia
A8: 3 | B8: Cundinamarca | C8: ='M-Pais'!C6 -> Colombia | D8: =_xlfn.CONCAT(B8,"-",C8) -> Cundinamarca-Colombia
A9: 4 | B9: Andalgalá | C9: ='M-Pais'!C10 -> Argentina | D9: =_xlfn.CONCAT(B9,"-",C9) -> Andalgalá-Argentina
A10: 5 | B10: Angaco | C10: ='M-Pais'!C10 -> Argentina | D10: =_xlfn.CONCAT(B10,"-",C10) -> Angaco-Argentina
B13: Corresponde a los datos generales del objeto de dominio (nombre, descripción)
B14: Corresponde a las descripciones de los atributos
B15: Coresponde al nombre de los atributos
B16: Corresponde a los datos que son de libre ingreso
B17: Corresponde a los datos que se generarán automáticamente
B18: Corresponde a la combinación única 1
B19: Corresponde a referencias a otros objetos de dominio

Sheet C-Dueno
A1: << Ir al modelo de dominio | C1: << Ir al listado de objetos de dominio | F1: Ir al muestreo de datos del objeto de dominio >>

Sheet M-Dueno
A1: << Ir al modelo de dominio | N1: << Ir al listado de objetos de dominio | Q1: << Ir a la caracterización del objeto de dominio
A2: Nombre: | B2: =ListadoObjetosDominio!B7 -> Ciudad
A3: Descripción: | B3: =ListadoObjetosDominio!C7 -> Objeto de dominio que representa a cada una de las ciudades de los departamentos de un país, donde se encuentran las sedes de la veterinaria y donde también pueden vivir los dueños
A4: Representa el identificador único de cada objeto de dominio. | B4: Representa el objeto de dominio TipoDOcumentoIdentificacion donde se encuentra el tipo de identificación que tiene asociado un dueño | I4: Representa el correo electrónico de un dueño. Se debe asegurar que al momento del registro se garantice que cumpla con un formato de correo electrónico válido. | K4: Representa el objeto de dominio Ciudad donde vive un dueño | M4: Representa la edad actual de una persona, la cual se calcula con base a la fecha de nacimiento y la fecha actual | N4: Indica que no pueden existir dos dueños o más con el mismo tipo de identificación y número de identificación
A5: id | B5: tipoDocumentoIdentificacion | C5: numeroIdentificacion | D5: primerNombre | E5: segundoNombre | F5: primerApellido | G5: segundoApellido | H5: numeroTelefono | I5: correoElectronico | J5: direccionResidencia | K5: ciudadResidencia | L5: fechaNacimiento | M5: edad | N5: Combinación única 1 | O5: Combinación única 2 | P5: Combinación única 3
A6: 1 | B6: ='M-TipoDocumentoIdentificacion'!C6 -> Cédula | C6: 123456 | D6: Sofía | E6: Antonia | F6: Escobar | H6: 3056789065 | I6: sofia@gmail.com | J6: Calle 56 # 45-76 | K6: ='M-Ciudad'!D6 -> Rionegro-Antioquia-Colombia | L6: 29250 | M6: 46 | N6: =_xlfn.CONCAT(B6,"-",C6) -> Cédula-123456 | O6: =H6 -> 3056789065 | P6: =I6 -> sofia@gmail.com
A7: 2 | B7: ='M-TipoDocumentoIdentificacion'!C6 -> Cédula | C7: 9876543 | D7: Carlos | F7: Mejía | G7: Vallejo | H7: 3008765432 | I7: c@hotmail.com | J7: Calle 78 #45-98 | K7: ='M-Ciudad'!D6 -> Rionegro-Antioquia-Colombia | L7: 36582 | M7: 26 | N7: =_xlfn.CONCAT(B7,"-",C7) -> Cédula-9876543 | O7: =H7 -> 3008765432 | P7: =I7 -> c@hotmail.com
A8: 3 | B8: ='M-TipoDocumentoIdentificacion'!C7 -> Tarjeta de Identidad | C8: 6452376 | D8: Rodrigo | E8: Hernán | F8: Peñaloza | G8: García | H8: 3076543897 | I8: peñita@gmail.co | J8: Avenida 56 con circunvalar 4 | K8: ='M-Ciudad'!D6 -> Rionegro-Antioquia-Colombia | L8: 42369 | M8: 11 | N8: =_xlfn.CONCAT(B8,"-",C8) -> Tarjeta de Identidad-6452376 | O8: =H8 -> 3076543897 | P8: =I8 -> peñita@gmail.co
A9: 4 | B9: ='M-TipoDocumentoIdentificacion'!C7 -> Tarjeta de Identidad | C9: 8423798 | D9: Clara | E9: María | F9: Grisales | G9: Berrío | H9: 3004567890 | I9: clarita@gmail.com | J9: Carrera 76a #56-87 | K9: ='M-Ciudad'!D6 -> Rionegro-Antioquia-Colombia | L9: 40543 | M9: 16 | N9: =_xlfn.CONCAT(B9,"-",C9) -> Tarjeta de Identidad-8423798 | O9: =H9 -> 3004567890 | P9: =I9 -> clarita@gmail.com
B12: Corresponde a los datos generales del objeto de dominio (nombre, descripción)
B13: Corresponde a las descripciones de los atributos
B14: Coresponde al nombre de los atributos
B15: Corresponde a los datos que son de libre ingreso
B16: Corresponde a los datos que se generarán automáticamente
B17: Corresponde a la combinación única 1
B18: Corresponde a la combinación única 2
B19: Corresponde a la combinación única 3
B20: Corresponde a referencias a otros objetos de dominio
B21: Corresponden a datos calculados o cumputados (se calculan con base en otros y de forma automática)

Sheet C-Pais
A1: << Ir al modelo de dominio | D1: << Ir al listado de objetos de dominio | G1: Ir al muestreo de datos del objeto de dominio >>
A2: Nombre | B2: =ListadoObjetosDominio!B3 -> Pais
A3: Descripción | B3: =ListadoObjetosDominio!C3 -> Objeto de dominio que representa a cada uno de los países a los que pertenecen los departamentos y ciudades donde están ubicadas las sedes de la veterinaria y donde también pueden vivir los dueños
A4: Nombre atributo | B4: Descripción atributo | C4: Identificador del objeto de dominio | D4: Tipo de dato | E4: Obligatorio | F4: Longitud mínima (si aplica) | G4: Longitud máxima (si aplica) | H4: Precisión (si aplica) | I4: Rendondeo (si aplica) | J4: Rango inicial (si aplica) | K4: Rango final (si aplica) | L4: Formato (si aplica) | M4: Reglas especiales (si aplica) | N4: Dato calculado | O4: Aplica ajuste del dato (si aplica) | P4: Carácter de ajuste (si aplica) | Q4: Quitar espacios en blanco al inicio (si aplica) | R4: Quitar espacios en blanco al fin (si aplica) | S4: Dato sensible (si aplica) | T4: Valor por defecto (si aplica) | U4: Auto generado
A5: ='M-Pais'!A5 -> id | B5: ='M-Pais'!A4 -> Representa el identificador único de cada objeto de dominio. | C5: Si | D5: Identificador único universal | E5: Si | N5: No | O5: No | Q5: No | R5: No | S5: No | U5: Si
A6: ='M-Pais'!B5 -> nombre | B6: ='M-Pais'!B4 -> Representa el nombre de cada uno de los países en los cuales pueden estar presentes los dueños y la veterinaria | C6: No | D6: Alfanumérico | E6: Si | F6: 1 | G6: 50 | M6: Se debe asegurar una sanitización del dato, para garantizar que dentro de su contenido no tenga cualquier tipo de intento de ataque o instrucción maliciosa. | N6: No | O6: No | Q6: Si | R6: Si | S6: No | U6: No
A8: Nombre combinación única | B8: Descripción | C8: Atributos involucrados
A9: ='M-Pais'!C5 -> Combinación única 1 | B9: ='M-Pais'!C4 -> Indica que no pueden existir dos países o más con el mismo nombre | C9: =A6 -> nombre
A11: Responsabilidad | C11: Descripción | G11: Entradas | J11: Salida | O11: Políticas (Reglas de Negocio) | Q11: Excepción
G12: Parámetro | H12: Tipo de dato | I12: Descripción | J12: Tipo de Dato | K12: Descripción | O12: Política | P12: Descripción | Q12: Detalle | R12: ¿Qué hago?
A13: Registrar información de una nuevo País | C13: Acción que permite llevar a cabo el registro de la información de uno país. | G13: datos | H13: Pais | I13: Contiene la información requerida para llevar a cabo el registro de uno país | O13: P1 | P13: No puede existir otro país con el mismo identificador. | Q13: Generar un nuevo identificador hasta garantizar que no exista. | R13: Continuar operación
O14: P2 | P14: No puede existir otro país con el mismo nombre. | Q14: Generar una excepción indicándole al usuario que ya existe un país con el nombre deseado. | R14: Detener operación
O15: P3 | P15: Asegurar que los datos requeridos para llevar a cabo la acción sean válidos a nivel de tipo de dato, longitud, obligatoriedad, formato y rango. | Q15: Generar una excepción indicándole al usuario que existen problemas con los datos y de ser posible indicarle cómo solucionarlos. | R15: Detener operación
A16: Eliminar de forma definitiva la información de un nuevo País | C16: Definición del event storming | G16: id | H16: Alfanumérico | I16: Contiene la información del identificador del pais que se va a eliminar de forma definitiva | O16: P4 | P16: Asegurar que el país no esté siendo utilizado dentro de ningún otro objeto de dominio | Q16: Generar una excepción indicando que el país está relacionado con otro objeto de dominio, indicando cuál y por tanto no puede ser eliminada. | R16: Detener operación
A17: Consultar información de un País por su identificador | C17: Definición del event storming | G17: id | H17: Alfanumérico | I17: Contiene la información del identificador del país que se va a consultar | J17: Pais | K17: Contiene la información del País consultada por su id | O17: P3 | P17: Asegurar que los datos requeridos para llevar a cabo la acción sean válidos a nivel de tipo de dato, longitud, obligatoriedad, formato y rango. | Q17: Generar una excepción indicándole al usuario que existen problemas con los datos y de ser posible indicarle cómo solucionarlos. | R17: Detener operación
A18: Consultar información de los Países | C18: Definición del event storming | G18: filtro | H18: Pais | I18: Contiene la información de los filtros que servirán como base para llevar a cabo la consulta de la información | J18: Lista<Pais> | K18: Contiene la información de todos los países que cumplen con el filtro de consulta | O18: P5 | P18: Asegurar que los datos que fueron enviados como filtro para llevar a cabo la acción sean válidos a nivel de tipo de dato, longitud, obligatoriedad, formato y rango. | Q18: Generar una excepción indicándole al usuario que existen problemas con los datos y de ser posible indicarle cómo solucionarlos. | R18: Detener operación
A19: Modificar información de un País | C19: Definición del event storming | G19: id | H19: Alfanumérico | I19: Contiene la información del identificador del país para la cual se va a modificar la información | O19: P3 | P19: Asegurar que los datos requeridos para llevar a cabo la acción sean válidos a nivel de tipo de dato, longitud, obligatoriedad, formato y rango. | Q19: Generar una excepción indicándole al usuario que existen problemas con los datos y de ser posible indicarle cómo solucionarlos. | R19: Detener operación
G20: datos | H20: Pais | I20: Contiene los datos que se van a modificar dentro del país

Sheet E-Pais
A1: << Ir al modelo de dominio | C1: << Ir al listado de objetos de dominio | F1: << Ir a la caracterización del objeto de dominio | J1: Ir al muestreo de datos del objeto de dominio >>
A2: Objeto de Dominio: | B2: =ListadoObjetosDominio!B3 -> Pais
A3: Descripción: | B3: =ListadoObjetosDominio!C3 -> Objeto de dominio que representa a cada uno de los países a los que pertenecen los departamentos y ciudades donde están ubicadas las sedes de la veterinaria y donde también pueden vivir los dueños
A4: Actor | B4: Action/Command | D4: Entity/Aggregate/Object domain | E4: Read Model | G4: Business Rule/Policy | I4: External System | J4: Domain Event | K4: Hotspot/questions/Risk
A5: Actor | B5: Acción | C5: Descripción | D5: Objeto de dominio | E5: Información externa | G5: Políticas | I5: Sistema Externo | J5: Evento | K5: Aspectos por solucionar
E6: Información | F6: Descripción | G6: Número | H6: Descripción
A7: Veterinaria | B7: Consultar la información de los países | C7: Permite consultar la información de los países que cumplan un criterio de búsqueda específico | D7: =$B$2 -> Pais | J7: Países consultados
A8: Cliente | B8: Consultar la información de los países | C8: Permite consultar la información de los países que cumplan un criterio de búsqueda específico | D8: =$B$2 -> Pais | J8: Países consultados
A9: Representante | B9: Consultar la información de los países | C9: Permite consultar la información de los países que cumplan un criterio de búsqueda específico | D9: =$B$2 -> Pais | J9: Países consultados

Sheet M-Pais
A1: << Ir al modelo de dominio | C1: << Ir al listado de objetos de dominio | F1: << Ir a la caracterización del objeto de dominio
A2: Nombre: | B2: =ListadoObjetosDominio!B3 -> Pais
A3: Descripción: | B3: =ListadoObjetosDominio!C3 -> Objeto de dominio que representa a cada uno de los países a los que pertenecen los departamentos y ciudades donde están ubicadas las sedes de la veterinaria y donde también pueden vivir los dueños
A4: Representa el identificador único de cada objeto de dominio. | B4: Representa el nombre de cada uno de los países en los cuales pueden estar presentes los dueños y la veterinaria | C4: Indica que no pueden existir dos países o más con el mismo nombre
A5: id | B5: nombre | C5: Combinación única 1
A6: 1 | B6: Colombia | C6: =B6 -> Colombia
A7: 2 | B7: Ecuador | C7: =B7 -> Ecuador
A8: 3 | B8: Brasil | C8: =B8 -> Brasil
A9: 4 | B9: Chile | C9: =B9 -> Chile
A10: 5 | B10: Argentina | C10: =B10 -> Argentina
B13: Corresponde a los datos generales del objeto de dominio (nombre, descripción)
B14: Corresponde a las descripciones de los atributos
B15: Coresponde al nombre de los atributos
B16: Corresponde a los datos que son de libre ingreso
B17: Corresponde a los datos que se generarán automáticamente
B18: Corresponde a la combinación única 1

Sheet C-TipoDocumentoIdentificacion
A1: << Ir al modelo de dominio | C1: << Ir al listado de objetos de dominio | F1: Ir al muestreo de datos del objeto de dominio >>

Sheet M-TipoDocumentoIdentificacion
A1: << Ir al modelo de dominio | C1: << Ir al listado de objetos de dominio | F1: << Ir a la caracterización del objeto de dominio
A2: Nombre: | B2: =ListadoObjetosDominio!B5 -> TipoDocumentoIdentificacion
A3: Descripción: | B3: =ListadoObjetosDominio!C5 -> Objeto de dominio que representa a cada uno de los tipos de identificación que pueden tener los dueños de las mascotas
A4: Representa el identificador único de cada objeto de dominio. | B4: Representa el nombre de cada uno de los tipos de documento de identificación que pueden tener los dueños | C4: Indica que no pueden existir dos tipos de documento de identificación o más con el mismo nombre
A5: id | B5: nombre | C5: Combinación única 1
A6: 1 | B6: Cédula | C6: =B6 -> Cédula
A7: 2 | B7: Tarjeta de Identidad | C7: =B7 -> Tarjeta de Identidad
A8: 3 | B8: Registro Civil | C8: =B8 -> Registro Civil
A9: 4 | B9: Pasaporte | C9: =B9 -> Pasaporte
A10: 5 | B10: Cédula Extranjería | C10: =B10 -> Cédula Extranjería
B13: Corresponde a los datos generales del objeto de dominio (nombre, descripción)
B14: Corresponde a las descripciones de los atributos
B15: Coresponde al nombre de los atributos
B16: Corresponde a los datos que son de libre ingreso
B17: Corresponde a los datos que se generarán automáticamente
B18: Corresponde a la combinación única 1
